<?xml version="1.0"?>
<!DOCTYPE Configure PUBLIC "-//Mort Bay Consulting//DTD Configure//EN" "http://jetty.mortbay.org/configure.dtd">
<Configure class="org.eclipse.jetty.webapp.WebAppContext">
	<New id="dataSource" class="org.eclipse.jetty.plus.jndi.Resource">
		<Arg>jdbc/sg_policy</Arg>
		<Arg>
			<New class="org.apache.commons.dbcp.BasicDataSource">
				<Set name="driverClassName">com.sybase.jdbc3.jdbc.SybDriver</Set>
				<Set name="url">jdbc:sybase:Tds:10.121.111.22:4300?ServiceName=SDSYB88</Set>
				<Set name="username">asdcdbo</Set>
				<Set name="password">Abcd1234</Set>
			</New>
		</Arg>
	</New>
</Configure>