<?xml version="1.0" encoding="UTF-8"?>
<beans xmlns="http://www.springframework.org/schema/beans"
	xmlns:xsi="http://www.w3.org/2001/XMLSchema-instance" xmlns:context="http://www.springframework.org/schema/context"
	xsi:schemaLocation="http://www.springframework.org/schema/beans 
		http://www.springframework.org/schema/beans/spring-beans-3.1.xsd 
		http://www.springframework.org/schema/context 
		http://www.springframework.org/schema/context/spring-context-3.1.xsd">


	<!-- reload role permission task -->
	<bean id="reloadGroupRoleMappingTask" class="com.aia.mypage.util.schedule.SchedulerTask" init-method="initial"></bean>
	<!-- reload role permission job detail -->
	<bean id="jobDetail-reloadRolePermission" class="org.springframework.scheduling.quartz.MethodInvokingJobDetailFactoryBean">
		<property name="targetObject">
			<ref bean="reloadGroupRoleMappingTask"/>
		</property>
		<property name="targetMethod">
			<value>reloadRolePermission</value>
		</property>
	</bean>
	<!-- reload role permission trigger -->
	<bean id="trigger-reloadRolePermission" class="org.springframework.scheduling.quartz.CronTriggerFactoryBean">
		<property name="jobDetail">
			<ref bean="jobDetail-reloadRolePermission"/>
		</property>
		<property name="cronExpression">
			<value>0 0 0 * * ? </value>
		</property>
	</bean>

	<bean id="registerQuartz" class="org.springframework.scheduling.quartz.SchedulerFactoryBean">
		<property name="triggers">
			<list>
				<ref bean="trigger-reloadRolePermission"/>
			</list>
		</property>
	</bean>

</beans>