<?xml version="1.0"?>
<!DOCTYPE Configure PUBLIC "-//Mort Bay Consulting//DTD Configure//EN" "http://jetty.mortbay.org/configure.dtd">
<Configure class="org.eclipse.jetty.webapp.WebAppContext">
	<New id="dataSource" class="org.eclipse.jetty.plus.jndi.Resource">
		<Arg>jdbc/mypage</Arg>
		<Arg>
			<New class="org.apache.commons.dbcp.BasicDataSource">
				  
				<Set name="driverClassName">com.microsoft.sqlserver.jdbc.SQLServerDriver</Set>
				<Set name="url">jdbc:sqlserver://CANGZDWOSP02B:1433;databaseName=db_mypage</Set>
				<Set name="username">sa1</Set>
				<Set name="password">123456</Set>
				
				<!-- 
				<Set name="driverClassName">com.sybase.jdbc3.jdbc.SybDriver</Set>
				<Set name="url">jdbc:sybase:Tds:10.48.112.141:4300?ServiceName=sdsyb88</Set>
				<Set name="username">asdcdbo</Set>
				<Set name="password">Abcd1234</Set>-->
			</New>
		</Arg>
	</New>
</Configure>