<?xml version="1.0" encoding="UTF-8"?>
<beans xmlns="http://www.springframework.org/schema/beans"
	xmlns:mvc="http://www.springframework.org/schema/mvc" xmlns:aop="http://www.springframework.org/schema/aop"
	xmlns:xsi="http://www.w3.org/2001/XMLSchema-instance" xmlns:p="http://www.springframework.org/schema/p"
	xmlns:context="http://www.springframework.org/schema/context" xmlns:tx="http://www.springframework.org/schema/tx"
	xsi:schemaLocation="http://www.springframework.org/schema/beans 
		http://www.springframework.org/schema/beans/spring-beans-3.1.xsd 
		http://www.springframework.org/schema/context 
		http://www.springframework.org/schema/context/spring-context-3.1.xsd 
		http://www.springframework.org/schema/mvc 
		http://www.springframework.org/schema/mvc/spring-mvc-3.1.xsd
		http://www.springframework.org/schema/aop  
        http://www.springframework.org/schema/aop/spring-aop-3.1.xsd 
        http://www.springframework.org/schema/tx 
 		http://www.springframework.org/schema/tx/spring-tx-3.1.xsd">

	<!-- 当我们需要controller返回一个map的json对象时，可以设定<mvc:annotation-driven />， 同时设定<mvc:message-converters> 
		标签，设定字符集和json处理类 <mvc:annotation-driven message-codes-resolver ="bean ref" 
		validator="" conversion-service=""> <mvc:return-value-handlers> <bean></bean> 
		</mvc:return-value-handlers> <mvc:argument-resolvers> </mvc:argument-resolvers> 
		<mvc:message-converters> </mvc:message-converters>[/color] </mvc:annotation-driven> -->

	<aop:aspectj-autoproxy proxy-target-class="true" />
	<mvc:annotation-driven>
		<mvc:message-converters>
			<bean
				class="org.springframework.http.converter.json.MappingJackson2HttpMessageConverter">
				<property name="objectMapper">
					<bean class="com.fasterxml.jackson.databind.ObjectMapper">
						<property name="dateFormat">
							<bean class="java.text.SimpleDateFormat">
								<constructor-arg type="java.lang.String" value="yyyy-MM-dd HH:mm:ss" />
							</bean>
						</property>
					</bean>
				</property>
			</bean>
		</mvc:message-converters>
	</mvc:annotation-driven>

	<mvc:default-servlet-handler />
	<!-- Auto Scan Controller -->
	<context:component-scan base-package="com.aia.mypage.*" />

	<!-- Prefix & Suffix -->
	<bean
		class="org.springframework.web.servlet.view.InternalResourceViewResolver">
		<property name="viewClass"
			value="org.springframework.web.servlet.view.JstlView" />
		<property name="prefix" value="/WEB-INF/pages" />
		<property name="suffix" value=".jsp" />
	</bean>

	<bean id="standardPasswordEncoder"
		class="org.springframework.security.crypto.password.StandardPasswordEncoder" />

	<bean id="userRoleService" class="com.aia.mypage.service.impl.UserRoleServiceImpl"
		lazy-init="false" init-method="initGroupRoleMap"></bean>

	<!-- admin -->
	<bean id="adminUserGroupInfoDAOImpl" class="com.aia.mypage.dao.impl.AdminUserGroupInfoDAOImpl"></bean>
	<bean id="adminUserAUDAOImpl" class="com.aia.mypage.dao.impl.AdminUserAUDAOImpl"></bean>
	<bean id="accountUserDAOImpl" class="com.aia.mypage.dao.impl.AccountUserDAOImpl"></bean>
	<bean id="adminUserInfoDAOImpl" class="com.aia.mypage.dao.impl.AdminUserInfoDAOImpl"></bean>
	<bean id="adminUserServiceImpl" class="com.aia.mypage.service.impl.AdminUserServiceImpl"></bean>
	<bean id="userServiceImpl" class="com.aia.mypage.service.impl.UserServiceImpl"></bean>
	<bean id="configVersionDAOImpl" class="com.aia.mypage.dao.impl.ConfigVersionDAOImpl"></bean>
	<bean id="configVersionServiceImpl" class="com.aia.mypage.service.impl.ConfigVersionServiceImpl"></bean>
	<bean id="accountDAOImpl" class="com.aia.mypage.dao.impl.AccountDAOImpl"></bean>
	<bean id="accountServiceImpl" class="com.aia.mypage.service.impl.AccountServiceImpl"></bean>
	<bean id="configServiceImpl" class="com.aia.mypage.service.impl.ConfigServiceImpl"></bean>
	<bean id="errorMessageDAOImpl" class="com.aia.mypage.dao.impl.ErrorMessageDAOImpl"></bean>
	<bean id="errorMessageServiceImpl" class="com.aia.mypage.service.impl.ErrorMessageServiceImpl"></bean>

	<bean id="permissionDAOImpl" class="com.aia.mypage.dao.impl.PermissionDAOImpl"></bean>
	<bean id="permissionServiceImpl" class="com.aia.mypage.service.impl.PermissionServiceImpl"></bean>
	<bean id="roleDAOImpl" class="com.aia.mypage.dao.impl.RoleDAOImpl"></bean>
	<bean id="roleServiceImpl" class="com.aia.mypage.service.impl.RoleServiceImpl"></bean>
	<bean id="groupDAOImpl" class="com.aia.mypage.dao.impl.GroupDAOImpl"></bean>
	<bean id="groupServiceImpl" class="com.aia.mypage.service.impl.GroupServiceImpl"></bean>

	<bean id="rolePermissionRPDAOImpl" class="com.aia.mypage.dao.impl.RolePermissionRPDAOImpl"></bean>
	<bean id="rolePermissionDAOImpl" class="com.aia.mypage.dao.impl.RolePermissionDAOImpl"></bean>
	<bean id="rolePermissionServiceImpl" class="com.aia.mypage.service.impl.RolePermissionServiceImpl"></bean>

	<bean id="groupRoleGRDAOImpl" class="com.aia.mypage.dao.impl.GroupRoleGRDAOImpl"></bean>
	<bean id="groupRoleDAOImpl" class="com.aia.mypage.dao.impl.GroupRoleDAOImpl"></bean>
	<bean id="groupRoleServiceImpl" class="com.aia.mypage.service.impl.GroupRoleServiceImpl"></bean>

	<bean id="userDAOImpl" class="com.aia.mypage.dao.impl.UserDAOImpl"></bean>
	<bean id="userRoleDAOImpl" class="com.aia.mypage.dao.impl.UserRoleDAOImpl"></bean>
	<bean id="userGroupDAOImpl" class="com.aia.mypage.dao.impl.UserGroupDAOImpl"></bean>
	<bean id="userGroupServiceImpl" class="com.aia.mypage.service.impl.UserGroupServiceImpl"></bean>

	<bean id="auditLogDAOImpl" class="com.aia.mypage.dao.impl.AuditLogDAOImpl"></bean>
	<bean id="adminUserDAOImpl" class="com.aia.mypage.dao.impl.AdminUserDAOImpl"></bean>

	<bean id="configDAOImpl" class="com.aia.mypage.dao.impl.ConfigDAOImpl"></bean>
	<bean id="groupRoleMapDAOImpl" class="com.aia.mypage.dao.impl.GroupRoleMapDAOImpl"></bean>

</beans>